{
    "A": 0.0007211385988249983,
    "B": 0.00021700362404422229,
    "C": 8.78016643679097e-08
}